ExperimentTitle,SampleName,SampleDescription,SequencingDate,FileName,FileLocation
Fungal recruitment using SeedPAD,DNA from Scots pine seedling root Ctrl.1,ITS2 amplification of root samples for fungal community,2019-03-14T12:58:00,P12211_1001_S1_L001_R1_001.fastq.gz,/mnt/picea/projects/metaseq/vhurry/SeedPad/raw
Fungal recruitment using SeedPAD,DNA from Scots pine seedling root Ctrl.1,ITS2 amplification of root samples for fungal community,2019-03-14T12:58:00,P12211_1001_S1_L001_R2_001.fastq.gz,/mnt/picea/projects/metaseq/vhurry/SeedPad/raw
Fungal recruitment using SeedPAD,DNA from Scots pine seedling root Ctrl.2,ITS2 amplification of root samples for fungal community,2019-03-14T12:58:00,P12211_1002_S2_L001_R1_001.fastq.gz,/mnt/picea/projects/metaseq/vhurry/SeedPad/raw
Fungal recruitment using SeedPAD,DNA from Scots pine seedling root Ctrl.2,ITS2 amplification of root samples for fungal community,2019-03-14T12:58:00,P12211_1002_S2_L001_R2_001.fastq.gz,/mnt/picea/projects/metaseq/vhurry/SeedPad/raw
Fungal recruitment using SeedPAD,DNA from Scots pine seedling root Ctrl.3,ITS2 amplification of root samples for fungal community,2019-03-14T12:58:00,P12211_1003_S3_L001_R1_001.fastq.gz,/mnt/picea/projects/metaseq/vhurry/SeedPad/raw
Fungal recruitment using SeedPAD,DNA from Scots pine seedling root Ctrl.3,ITS2 amplification of root samples for fungal community,2019-03-14T12:58:00,P12211_1003_S3_L001_R2_001.fastq.gz,/mnt/picea/projects/metaseq/vhurry/SeedPad/raw
Fungal recruitment using SeedPAD,DNA from Scots pine seedling root Ctrl.4,ITS2 amplification of root samples for fungal community,2019-03-14T12:58:00,P12211_1004_S4_L001_R1_001.fastq.gz,/mnt/picea/projects/metaseq/vhurry/SeedPad/raw
Fungal recruitment using SeedPAD,DNA from Scots pine seedling root Ctrl.4,ITS2 amplification of root samples for fungal community,2019-03-14T12:58:00,P12211_1004_S4_L001_R2_001.fastq.gz,/mnt/picea/projects/metaseq/vhurry/SeedPad/raw
Fungal recruitment using SeedPAD,DNA from Scots pine seedling root Ctrl.5,ITS2 amplification of root samples for fungal community,2019-03-14T12:58:00,P12211_1005_S5_L001_R1_001.fastq.gz,/mnt/picea/projects/metaseq/vhurry/SeedPad/raw
Fungal recruitment using SeedPAD,DNA from Scots pine seedling root Ctrl.5,ITS2 amplification of root samples for fungal community,2019-03-14T12:58:00,P12211_1005_S5_L001_R2_001.fastq.gz,/mnt/picea/projects/metaseq/vhurry/SeedPad/raw
Fungal recruitment using SeedPAD,DNA from Scots pine seedling root Ctrl.6,ITS2 amplification of root samples for fungal community,2019-03-14T12:58:00,P12211_1006_S6_L001_R1_001.fastq.gz,/mnt/picea/projects/metaseq/vhurry/SeedPad/raw
Fungal recruitment using SeedPAD,DNA from Scots pine seedling root Ctrl.6,ITS2 amplification of root samples for fungal community,2019-03-14T12:58:00,P12211_1006_S6_L001_R2_001.fastq.gz,/mnt/picea/projects/metaseq/vhurry/SeedPad/raw
Fungal recruitment using SeedPAD,DNA from Scots pine seedling root Ctrl.7,ITS2 amplification of root samples for fungal community,2019-03-14T12:58:00,P12211_1007_S7_L001_R1_001.fastq.gz,/mnt/picea/projects/metaseq/vhurry/SeedPad/raw
Fungal recruitment using SeedPAD,DNA from Scots pine seedling root Ctrl.7,ITS2 amplification of root samples for fungal community,2019-03-14T12:58:00,P12211_1007_S7_L001_R2_001.fastq.gz,/mnt/picea/projects/metaseq/vhurry/SeedPad/raw
Fungal recruitment using SeedPAD,DNA from Scots pine seedling root Ctrl.8,ITS2 amplification of root samples for fungal community,2019-03-14T12:58:00,P12211_1008_S8_L001_R1_001.fastq.gz,/mnt/picea/projects/metaseq/vhurry/SeedPad/raw
Fungal recruitment using SeedPAD,DNA from Scots pine seedling root Ctrl.8,ITS2 amplification of root samples for fungal community,2019-03-14T12:58:00,P12211_1008_S8_L001_R2_001.fastq.gz,/mnt/picea/projects/metaseq/vhurry/SeedPad/raw
Fungal recruitment using SeedPAD,DNA from Scots pine seedling root Ctrl.9,ITS2 amplification of root samples for fungal community,2019-03-14T12:58:00,P12211_1009_S9_L001_R1_001.fastq.gz,/mnt/picea/projects/metaseq/vhurry/SeedPad/raw
Fungal recruitment using SeedPAD,DNA from Scots pine seedling root Ctrl.9,ITS2 amplification of root samples for fungal community,2019-03-14T12:58:00,P12211_1009_S9_L001_R2_001.fastq.gz,/mnt/picea/projects/metaseq/vhurry/SeedPad/raw
Fungal recruitment using SeedPAD,DNA from Scots pine seedling root Ctrl.10,ITS2 amplification of root samples for fungal community,2019-03-14T12:58:00,P12211_1010_S10_L001_R1_001.fastq.gz,/mnt/picea/projects/metaseq/vhurry/SeedPad/raw
Fungal recruitment using SeedPAD,DNA from Scots pine seedling root Ctrl.10,ITS2 amplification of root samples for fungal community,2019-03-14T12:58:00,P12211_1010_S10_L001_R2_001.fastq.gz,/mnt/picea/projects/metaseq/vhurry/SeedPad/raw
Fungal recruitment using SeedPAD,DNA from Scots pine seedling root Ctrl.11,ITS2 amplification of root samples for fungal community,2019-03-14T12:58:00,P12211_1011_S11_L001_R1_001.fastq.gz,/mnt/picea/projects/metaseq/vhurry/SeedPad/raw
Fungal recruitment using SeedPAD,DNA from Scots pine seedling root Ctrl.11,ITS2 amplification of root samples for fungal community,2019-03-14T12:58:00,P12211_1011_S11_L001_R2_001.fastq.gz,/mnt/picea/projects/metaseq/vhurry/SeedPad/raw
Fungal recruitment using SeedPAD,DNA from Scots pine seedling root Ctrl.12,ITS2 amplification of root samples for fungal community,2019-03-14T12:58:00,P12211_1012_S12_L001_R1_001.fastq.gz,/mnt/picea/projects/metaseq/vhurry/SeedPad/raw
Fungal recruitment using SeedPAD,DNA from Scots pine seedling root Ctrl.12,ITS2 amplification of root samples for fungal community,2019-03-14T12:58:00,P12211_1012_S12_L001_R2_001.fastq.gz,/mnt/picea/projects/metaseq/vhurry/SeedPad/raw
Fungal recruitment using SeedPAD,DNA from Scots pine seedling root Ctrl.13,ITS2 amplification of root samples for fungal community,2019-03-14T12:58:00,P12211_1013_S13_L001_R1_001.fastq.gz,/mnt/picea/projects/metaseq/vhurry/SeedPad/raw
Fungal recruitment using SeedPAD,DNA from Scots pine seedling root Ctrl.13,ITS2 amplification of root samples for fungal community,2019-03-14T12:58:00,P12211_1013_S13_L001_R2_001.fastq.gz,/mnt/picea/projects/metaseq/vhurry/SeedPad/raw
Fungal recruitment using SeedPAD,DNA from Scots pine seedling root Osm.1,ITS2 amplification of root samples for fungal community,2019-03-14T12:58:00,P12211_1014_S14_L001_R1_001.fastq.gz,/mnt/picea/projects/metaseq/vhurry/SeedPad/raw
Fungal recruitment using SeedPAD,DNA from Scots pine seedling root Osm.1,ITS2 amplification of root samples for fungal community,2019-03-14T12:58:00,P12211_1014_S14_L001_R2_001.fastq.gz,/mnt/picea/projects/metaseq/vhurry/SeedPad/raw
Fungal recruitment using SeedPAD,DNA from Scots pine seedling root Osm.2,ITS2 amplification of root samples for fungal community,2019-03-14T12:58:00,P12211_1015_S15_L001_R1_001.fastq.gz,/mnt/picea/projects/metaseq/vhurry/SeedPad/raw
Fungal recruitment using SeedPAD,DNA from Scots pine seedling root Osm.2,ITS2 amplification of root samples for fungal community,2019-03-14T12:58:00,P12211_1015_S15_L001_R2_001.fastq.gz,/mnt/picea/projects/metaseq/vhurry/SeedPad/raw
Fungal recruitment using SeedPAD,DNA from Scots pine seedling root Osm.3,ITS2 amplification of root samples for fungal community,2019-03-14T12:58:00,P12211_1016_S16_L001_R1_001.fastq.gz,/mnt/picea/projects/metaseq/vhurry/SeedPad/raw
Fungal recruitment using SeedPAD,DNA from Scots pine seedling root Osm.3,ITS2 amplification of root samples for fungal community,2019-03-14T12:58:00,P12211_1016_S16_L001_R2_001.fastq.gz,/mnt/picea/projects/metaseq/vhurry/SeedPad/raw
Fungal recruitment using SeedPAD,DNA from Scots pine seedling root Osm.4,ITS2 amplification of root samples for fungal community,2019-03-14T12:58:00,P12211_1017_S17_L001_R1_001.fastq.gz,/mnt/picea/projects/metaseq/vhurry/SeedPad/raw
Fungal recruitment using SeedPAD,DNA from Scots pine seedling root Osm.4,ITS2 amplification of root samples for fungal community,2019-03-14T12:58:00,P12211_1017_S17_L001_R2_001.fastq.gz,/mnt/picea/projects/metaseq/vhurry/SeedPad/raw
Fungal recruitment using SeedPAD,DNA from Scots pine seedling root Osm.5,ITS2 amplification of root samples for fungal community,2019-03-14T12:58:00,P12211_1018_S18_L001_R1_001.fastq.gz,/mnt/picea/projects/metaseq/vhurry/SeedPad/raw
Fungal recruitment using SeedPAD,DNA from Scots pine seedling root Osm.5,ITS2 amplification of root samples for fungal community,2019-03-14T12:58:00,P12211_1018_S18_L001_R2_001.fastq.gz,/mnt/picea/projects/metaseq/vhurry/SeedPad/raw
Fungal recruitment using SeedPAD,DNA from Scots pine seedling root Osm.6,ITS2 amplification of root samples for fungal community,2019-03-14T12:58:00,P12211_1019_S19_L001_R1_001.fastq.gz,/mnt/picea/projects/metaseq/vhurry/SeedPad/raw
Fungal recruitment using SeedPAD,DNA from Scots pine seedling root Osm.6,ITS2 amplification of root samples for fungal community,2019-03-14T12:58:00,P12211_1019_S19_L001_R2_001.fastq.gz,/mnt/picea/projects/metaseq/vhurry/SeedPad/raw
Fungal recruitment using SeedPAD,DNA from Scots pine seedling root Osm.7,ITS2 amplification of root samples for fungal community,2019-03-14T12:58:00,P12211_1020_S20_L001_R1_001.fastq.gz,/mnt/picea/projects/metaseq/vhurry/SeedPad/raw
Fungal recruitment using SeedPAD,DNA from Scots pine seedling root Osm.7,ITS2 amplification of root samples for fungal community,2019-03-14T12:58:00,P12211_1020_S20_L001_R2_001.fastq.gz,/mnt/picea/projects/metaseq/vhurry/SeedPad/raw
Fungal recruitment using SeedPAD,DNA from Scots pine seedling root Osm.8,ITS2 amplification of root samples for fungal community,2019-03-14T12:58:00,P12211_1021_S21_L001_R1_001.fastq.gz,/mnt/picea/projects/metaseq/vhurry/SeedPad/raw
Fungal recruitment using SeedPAD,DNA from Scots pine seedling root Osm.8,ITS2 amplification of root samples for fungal community,2019-03-14T12:58:00,P12211_1021_S21_L001_R2_001.fastq.gz,/mnt/picea/projects/metaseq/vhurry/SeedPad/raw
Fungal recruitment using SeedPAD,DNA from Scots pine seedling root Osm.9,ITS2 amplification of root samples for fungal community,2019-03-14T12:58:00,P12211_1022_S22_L001_R1_001.fastq.gz,/mnt/picea/projects/metaseq/vhurry/SeedPad/raw
Fungal recruitment using SeedPAD,DNA from Scots pine seedling root Osm.9,ITS2 amplification of root samples for fungal community,2019-03-14T12:58:00,P12211_1022_S22_L001_R2_001.fastq.gz,/mnt/picea/projects/metaseq/vhurry/SeedPad/raw
Fungal recruitment using SeedPAD,DNA from Scots pine seedling root Osm.10,ITS2 amplification of root samples for fungal community,2019-03-14T12:58:00,P12211_1023_S23_L001_R1_001.fastq.gz,/mnt/picea/projects/metaseq/vhurry/SeedPad/raw
Fungal recruitment using SeedPAD,DNA from Scots pine seedling root Osm.10,ITS2 amplification of root samples for fungal community,2019-03-14T12:58:00,P12211_1023_S23_L001_R2_001.fastq.gz,/mnt/picea/projects/metaseq/vhurry/SeedPad/raw
Fungal recruitment using SeedPAD,DNA from Scots pine seedling root Osm.11,ITS2 amplification of root samples for fungal community,2019-03-14T12:58:00,P12211_1024_S24_L001_R1_001.fastq.gz,/mnt/picea/projects/metaseq/vhurry/SeedPad/raw
Fungal recruitment using SeedPAD,DNA from Scots pine seedling root Osm.11,ITS2 amplification of root samples for fungal community,2019-03-14T12:58:00,P12211_1024_S24_L001_R2_001.fastq.gz,/mnt/picea/projects/metaseq/vhurry/SeedPad/raw
Fungal recruitment using SeedPAD,DNA from Scots pine seedling root Osm.12,ITS2 amplification of root samples for fungal community,2019-03-14T12:58:00,P12211_1025_S25_L001_R1_001.fastq.gz,/mnt/picea/projects/metaseq/vhurry/SeedPad/raw
Fungal recruitment using SeedPAD,DNA from Scots pine seedling root Osm.12,ITS2 amplification of root samples for fungal community,2019-03-14T12:58:00,P12211_1025_S25_L001_R2_001.fastq.gz,/mnt/picea/projects/metaseq/vhurry/SeedPad/raw
Fungal recruitment using SeedPAD,DNA from Scots pine seedling root Osm.13,ITS2 amplification of root samples for fungal community,2019-03-14T12:58:00,P12211_1026_S26_L001_R1_001.fastq.gz,/mnt/picea/projects/metaseq/vhurry/SeedPad/raw
Fungal recruitment using SeedPAD,DNA from Scots pine seedling root Osm.13,ITS2 amplification of root samples for fungal community,2019-03-14T12:58:00,P12211_1026_S26_L001_R2_001.fastq.gz,/mnt/picea/projects/metaseq/vhurry/SeedPad/raw
Fungal recruitment using SeedPAD,DNA from Scots pine seedling root Osm.14,ITS2 amplification of root samples for fungal community,2019-03-14T12:58:00,P12211_1027_S27_L001_R1_001.fastq.gz,/mnt/picea/projects/metaseq/vhurry/SeedPad/raw
Fungal recruitment using SeedPAD,DNA from Scots pine seedling root Osm.14,ITS2 amplification of root samples for fungal community,2019-03-14T12:58:00,P12211_1027_S27_L001_R2_001.fastq.gz,/mnt/picea/projects/metaseq/vhurry/SeedPad/raw
Fungal recruitment using SeedPAD,DNA from Scots pine seedling root Osm.15,ITS2 amplification of root samples for fungal community,2019-03-14T12:58:00,P12211_1028_S28_L001_R1_001.fastq.gz,/mnt/picea/projects/metaseq/vhurry/SeedPad/raw
Fungal recruitment using SeedPAD,DNA from Scots pine seedling root Osm.15,ITS2 amplification of root samples for fungal community,2019-03-14T12:58:00,P12211_1028_S28_L001_R2_001.fastq.gz,/mnt/picea/projects/metaseq/vhurry/SeedPad/raw
Fungal recruitment using SeedPAD,DNA from Scots pine seedling root Osm.16,ITS2 amplification of root samples for fungal community,2019-03-14T12:58:00,P12211_1029_S29_L001_R1_001.fastq.gz,/mnt/picea/projects/metaseq/vhurry/SeedPad/raw
Fungal recruitment using SeedPAD,DNA from Scots pine seedling root Osm.16,ITS2 amplification of root samples for fungal community,2019-03-14T12:58:00,P12211_1029_S29_L001_R2_001.fastq.gz,/mnt/picea/projects/metaseq/vhurry/SeedPad/raw
Fungal recruitment using SeedPAD,DNA from Scots pine seedling root Osm.17,ITS2 amplification of root samples for fungal community,2019-03-14T12:58:00,P12211_1030_S30_L001_R1_001.fastq.gz,/mnt/picea/projects/metaseq/vhurry/SeedPad/raw
Fungal recruitment using SeedPAD,DNA from Scots pine seedling root Osm.17,ITS2 amplification of root samples for fungal community,2019-03-14T12:58:00,P12211_1030_S30_L001_R2_001.fastq.gz,/mnt/picea/projects/metaseq/vhurry/SeedPad/raw
Fungal recruitment using SeedPAD,DNA from Scots pine seedling root Osm.18,ITS2 amplification of root samples for fungal community,2019-03-14T12:58:00,P12211_1031_S31_L001_R1_001.fastq.gz,/mnt/picea/projects/metaseq/vhurry/SeedPad/raw
Fungal recruitment using SeedPAD,DNA from Scots pine seedling root Osm.18,ITS2 amplification of root samples for fungal community,2019-03-14T12:58:00,P12211_1031_S31_L001_R2_001.fastq.gz,/mnt/picea/projects/metaseq/vhurry/SeedPad/raw
Fungal recruitment using SeedPAD,DNA from Scots pine seedling root Arg.1,ITS2 amplification of root samples for fungal community,2019-03-14T12:58:00,P12211_1032_S32_L001_R1_001.fastq.gz,/mnt/picea/projects/metaseq/vhurry/SeedPad/raw
Fungal recruitment using SeedPAD,DNA from Scots pine seedling root Arg.1,ITS2 amplification of root samples for fungal community,2019-03-14T12:58:00,P12211_1032_S32_L001_R2_001.fastq.gz,/mnt/picea/projects/metaseq/vhurry/SeedPad/raw
Fungal recruitment using SeedPAD,DNA from Scots pine seedling root Arg.2,ITS2 amplification of root samples for fungal community,2019-03-14T12:58:00,P12211_1033_S33_L001_R1_001.fastq.gz,/mnt/picea/projects/metaseq/vhurry/SeedPad/raw
Fungal recruitment using SeedPAD,DNA from Scots pine seedling root Arg.2,ITS2 amplification of root samples for fungal community,2019-03-14T12:58:00,P12211_1033_S33_L001_R2_001.fastq.gz,/mnt/picea/projects/metaseq/vhurry/SeedPad/raw
Fungal recruitment using SeedPAD,DNA from Scots pine seedling root Arg.3,ITS2 amplification of root samples for fungal community,2019-03-14T12:58:00,P12211_1034_S34_L001_R1_001.fastq.gz,/mnt/picea/projects/metaseq/vhurry/SeedPad/raw
Fungal recruitment using SeedPAD,DNA from Scots pine seedling root Arg.3,ITS2 amplification of root samples for fungal community,2019-03-14T12:58:00,P12211_1034_S34_L001_R2_001.fastq.gz,/mnt/picea/projects/metaseq/vhurry/SeedPad/raw
Fungal recruitment using SeedPAD,DNA from Scots pine seedling root Arg.4,ITS2 amplification of root samples for fungal community,2019-03-14T12:58:00,P12211_1035_S35_L001_R1_001.fastq.gz,/mnt/picea/projects/metaseq/vhurry/SeedPad/raw
Fungal recruitment using SeedPAD,DNA from Scots pine seedling root Arg.4,ITS2 amplification of root samples for fungal community,2019-03-14T12:58:00,P12211_1035_S35_L001_R2_001.fastq.gz,/mnt/picea/projects/metaseq/vhurry/SeedPad/raw
Fungal recruitment using SeedPAD,DNA from Scots pine seedling root Arg.5,ITS2 amplification of root samples for fungal community,2019-03-14T12:58:00,P12211_1036_S36_L001_R1_001.fastq.gz,/mnt/picea/projects/metaseq/vhurry/SeedPad/raw
Fungal recruitment using SeedPAD,DNA from Scots pine seedling root Arg.5,ITS2 amplification of root samples for fungal community,2019-03-14T12:58:00,P12211_1036_S36_L001_R2_001.fastq.gz,/mnt/picea/projects/metaseq/vhurry/SeedPad/raw
Fungal recruitment using SeedPAD,DNA from Scots pine seedling root Arg.6,ITS2 amplification of root samples for fungal community,2019-03-14T12:58:00,P12211_1037_S37_L001_R1_001.fastq.gz,/mnt/picea/projects/metaseq/vhurry/SeedPad/raw
Fungal recruitment using SeedPAD,DNA from Scots pine seedling root Arg.6,ITS2 amplification of root samples for fungal community,2019-03-14T12:58:00,P12211_1037_S37_L001_R2_001.fastq.gz,/mnt/picea/projects/metaseq/vhurry/SeedPad/raw
Fungal recruitment using SeedPAD,DNA from Scots pine seedling root Arg.7,ITS2 amplification of root samples for fungal community,2019-03-14T12:58:00,P12211_1038_S38_L001_R1_001.fastq.gz,/mnt/picea/projects/metaseq/vhurry/SeedPad/raw
Fungal recruitment using SeedPAD,DNA from Scots pine seedling root Arg.7,ITS2 amplification of root samples for fungal community,2019-03-14T12:58:00,P12211_1038_S38_L001_R2_001.fastq.gz,/mnt/picea/projects/metaseq/vhurry/SeedPad/raw
Fungal recruitment using SeedPAD,DNA from Scots pine seedling root Arg.8,ITS2 amplification of root samples for fungal community,2019-03-14T12:58:00,P12211_1039_S39_L001_R1_001.fastq.gz,/mnt/picea/projects/metaseq/vhurry/SeedPad/raw
Fungal recruitment using SeedPAD,DNA from Scots pine seedling root Arg.8,ITS2 amplification of root samples for fungal community,2019-03-14T12:58:00,P12211_1039_S39_L001_R2_001.fastq.gz,/mnt/picea/projects/metaseq/vhurry/SeedPad/raw
Fungal recruitment using SeedPAD,DNA from Scots pine seedling root Arg.9,ITS2 amplification of root samples for fungal community,2019-03-14T12:58:00,P12211_1040_S40_L001_R1_001.fastq.gz,/mnt/picea/projects/metaseq/vhurry/SeedPad/raw
Fungal recruitment using SeedPAD,DNA from Scots pine seedling root Arg.9,ITS2 amplification of root samples for fungal community,2019-03-14T12:58:00,P12211_1040_S40_L001_R2_001.fastq.gz,/mnt/picea/projects/metaseq/vhurry/SeedPad/raw
Fungal recruitment using SeedPAD,DNA from Scots pine seedling root Arg.10,ITS2 amplification of root samples for fungal community,2019-03-14T12:58:00,P12211_1041_S41_L001_R1_001.fastq.gz,/mnt/picea/projects/metaseq/vhurry/SeedPad/raw
Fungal recruitment using SeedPAD,DNA from Scots pine seedling root Arg.10,ITS2 amplification of root samples for fungal community,2019-03-14T12:58:00,P12211_1041_S41_L001_R2_001.fastq.gz,/mnt/picea/projects/metaseq/vhurry/SeedPad/raw
Fungal recruitment using SeedPAD,DNA from Scots pine seedling root Arg.11,ITS2 amplification of root samples for fungal community,2019-03-14T12:58:00,P12211_1042_S42_L001_R1_001.fastq.gz,/mnt/picea/projects/metaseq/vhurry/SeedPad/raw
Fungal recruitment using SeedPAD,DNA from Scots pine seedling root Arg.11,ITS2 amplification of root samples for fungal community,2019-03-14T12:58:00,P12211_1042_S42_L001_R2_001.fastq.gz,/mnt/picea/projects/metaseq/vhurry/SeedPad/raw
Fungal recruitment using SeedPAD,DNA from Scots pine seedling root Arg.12,ITS2 amplification of root samples for fungal community,2019-03-14T12:58:00,P12211_1043_S43_L001_R1_001.fastq.gz,/mnt/picea/projects/metaseq/vhurry/SeedPad/raw
Fungal recruitment using SeedPAD,DNA from Scots pine seedling root Arg.12,ITS2 amplification of root samples for fungal community,2019-03-14T12:58:00,P12211_1043_S43_L001_R2_001.fastq.gz,/mnt/picea/projects/metaseq/vhurry/SeedPad/raw
Fungal recruitment using SeedPAD,DNA from Scots pine seedling root Arg.13,ITS2 amplification of root samples for fungal community,2019-03-14T12:58:00,P12211_1044_S44_L001_R1_001.fastq.gz,/mnt/picea/projects/metaseq/vhurry/SeedPad/raw
Fungal recruitment using SeedPAD,DNA from Scots pine seedling root Arg.13,ITS2 amplification of root samples for fungal community,2019-03-14T12:58:00,P12211_1044_S44_L001_R2_001.fastq.gz,/mnt/picea/projects/metaseq/vhurry/SeedPad/raw
Fungal recruitment using SeedPAD,DNA from Scots pine seedling root Arg.14,ITS2 amplification of root samples for fungal community,2019-03-14T12:58:00,P12211_1045_S45_L001_R1_001.fastq.gz,/mnt/picea/projects/metaseq/vhurry/SeedPad/raw
Fungal recruitment using SeedPAD,DNA from Scots pine seedling root Arg.14,ITS2 amplification of root samples for fungal community,2019-03-14T12:58:00,P12211_1045_S45_L001_R2_001.fastq.gz,/mnt/picea/projects/metaseq/vhurry/SeedPad/raw
Fungal recruitment using SeedPAD,DNA from Scots pine seedling root Arg.15,ITS2 amplification of root samples for fungal community,2019-03-14T12:58:00,P12211_1046_S46_L001_R1_001.fastq.gz,/mnt/picea/projects/metaseq/vhurry/SeedPad/raw
Fungal recruitment using SeedPAD,DNA from Scots pine seedling root Arg.15,ITS2 amplification of root samples for fungal community,2019-03-14T12:58:00,P12211_1046_S46_L001_R2_001.fastq.gz,/mnt/picea/projects/metaseq/vhurry/SeedPad/raw
Fungal recruitment using SeedPAD,DNA from Scots pine seedling root Arg.16,ITS2 amplification of root samples for fungal community,2019-03-14T12:58:00,P12211_1047_S47_L001_R1_001.fastq.gz,/mnt/picea/projects/metaseq/vhurry/SeedPad/raw
Fungal recruitment using SeedPAD,DNA from Scots pine seedling root Arg.16,ITS2 amplification of root samples for fungal community,2019-03-14T12:58:00,P12211_1047_S47_L001_R2_001.fastq.gz,/mnt/picea/projects/metaseq/vhurry/SeedPad/raw
Fungal recruitment using SeedPAD,DNA from Scots pine seedling root Arg.17,ITS2 amplification of root samples for fungal community,2019-03-14T12:58:00,P12211_1048_S48_L001_R1_001.fastq.gz,/mnt/picea/projects/metaseq/vhurry/SeedPad/raw
Fungal recruitment using SeedPAD,DNA from Scots pine seedling root Arg.17,ITS2 amplification of root samples for fungal community,2019-03-14T12:58:00,P12211_1048_S48_L001_R2_001.fastq.gz,/mnt/picea/projects/metaseq/vhurry/SeedPad/raw
Fungal recruitment using SeedPAD,DNA from Scots pine seedling root Arg.18,ITS2 amplification of root samples for fungal community,2019-03-14T12:58:00,P12211_1049_S49_L001_R1_001.fastq.gz,/mnt/picea/projects/metaseq/vhurry/SeedPad/raw
Fungal recruitment using SeedPAD,DNA from Scots pine seedling root Arg.18,ITS2 amplification of root samples for fungal community,2019-03-14T12:58:00,P12211_1049_S49_L001_R2_001.fastq.gz,/mnt/picea/projects/metaseq/vhurry/SeedPad/raw
Fungal recruitment using SeedPAD,DNA from Scots pine seedling root Arg.19,ITS2 amplification of root samples for fungal community,2019-03-14T12:58:00,P12211_1050_S50_L001_R1_001.fastq.gz,/mnt/picea/projects/metaseq/vhurry/SeedPad/raw
Fungal recruitment using SeedPAD,DNA from Scots pine seedling root Arg.19,ITS2 amplification of root samples for fungal community,2019-03-14T12:58:00,P12211_1050_S50_L001_R2_001.fastq.gz,/mnt/picea/projects/metaseq/vhurry/SeedPad/raw
Fungal recruitment using SeedPAD,DNA from Scots pine seedling root Arg.20,ITS2 amplification of root samples for fungal community,2019-03-14T12:58:00,P12211_1051_S51_L001_R1_001.fastq.gz,/mnt/picea/projects/metaseq/vhurry/SeedPad/raw
Fungal recruitment using SeedPAD,DNA from Scots pine seedling root Arg.20,ITS2 amplification of root samples for fungal community,2019-03-14T12:58:00,P12211_1051_S51_L001_R2_001.fastq.gz,/mnt/picea/projects/metaseq/vhurry/SeedPad/raw
Fungal recruitment using SeedPAD,DNA from Scots pine seedling root Arg.21,ITS2 amplification of root samples for fungal community,2019-03-14T12:58:00,P12211_1052_S52_L001_R1_001.fastq.gz,/mnt/picea/projects/metaseq/vhurry/SeedPad/raw
Fungal recruitment using SeedPAD,DNA from Scots pine seedling root Arg.21,ITS2 amplification of root samples for fungal community,2019-03-14T12:58:00,P12211_1052_S52_L001_R2_001.fastq.gz,/mnt/picea/projects/metaseq/vhurry/SeedPad/raw
Fungal recruitment using SeedPAD,DNA from Scots pine seedling root Arg.22,ITS2 amplification of root samples for fungal community,2019-03-14T12:58:00,P12211_1053_S53_L001_R1_001.fastq.gz,/mnt/picea/projects/metaseq/vhurry/SeedPad/raw
Fungal recruitment using SeedPAD,DNA from Scots pine seedling root Arg.22,ITS2 amplification of root samples for fungal community,2019-03-14T12:58:00,P12211_1053_S53_L001_R2_001.fastq.gz,/mnt/picea/projects/metaseq/vhurry/SeedPad/raw
Fungal recruitment using SeedPAD,DNA from Scots pine seedling rhizosphere S.arg.1,ITS2 amplification of rhizosphere samples for fungal community,2019-03-14T12:58:00,P12211_1054_S54_L001_R1_001.fastq.gz,/mnt/picea/projects/metaseq/vhurry/SeedPad/raw
Fungal recruitment using SeedPAD,DNA from Scots pine seedling rhizosphere S.arg.1,ITS2 amplification of rhizosphere samples for fungal community,2019-03-14T12:58:00,P12211_1054_S54_L001_R2_001.fastq.gz,/mnt/picea/projects/metaseq/vhurry/SeedPad/raw
Fungal recruitment using SeedPAD,DNA from Scots pine seedling rhizosphere S.arg.2,ITS2 amplification of rhizosphere samples for fungal community,2019-03-14T12:58:00,P12211_1055_S55_L001_R1_001.fastq.gz,/mnt/picea/projects/metaseq/vhurry/SeedPad/raw
Fungal recruitment using SeedPAD,DNA from Scots pine seedling rhizosphere S.arg.2,ITS2 amplification of rhizosphere samples for fungal community,2019-03-14T12:58:00,P12211_1055_S55_L001_R2_001.fastq.gz,/mnt/picea/projects/metaseq/vhurry/SeedPad/raw
Fungal recruitment using SeedPAD,DNA from Scots pine seedling rhizosphere S.arg.3,ITS2 amplification of rhizosphere samples for fungal community,2019-03-14T12:58:00,P12211_1056_S56_L001_R1_001.fastq.gz,/mnt/picea/projects/metaseq/vhurry/SeedPad/raw
Fungal recruitment using SeedPAD,DNA from Scots pine seedling rhizosphere S.arg.3,ITS2 amplification of rhizosphere samples for fungal community,2019-03-14T12:58:00,P12211_1056_S56_L001_R2_001.fastq.gz,/mnt/picea/projects/metaseq/vhurry/SeedPad/raw
Fungal recruitment using SeedPAD,DNA from Scots pine seedling rhizosphere S.arg.4,ITS2 amplification of rhizosphere samples for fungal community,2019-03-14T12:58:00,P12211_1057_S57_L001_R1_001.fastq.gz,/mnt/picea/projects/metaseq/vhurry/SeedPad/raw
Fungal recruitment using SeedPAD,DNA from Scots pine seedling rhizosphere S.arg.4,ITS2 amplification of rhizosphere samples for fungal community,2019-03-14T12:58:00,P12211_1057_S57_L001_R2_001.fastq.gz,/mnt/picea/projects/metaseq/vhurry/SeedPad/raw
Fungal recruitment using SeedPAD,DNA from Scots pine seedling rhizosphere S.arg.5,ITS2 amplification of rhizosphere samples for fungal community,2019-03-14T12:58:00,P12211_1058_S58_L001_R1_001.fastq.gz,/mnt/picea/projects/metaseq/vhurry/SeedPad/raw
Fungal recruitment using SeedPAD,DNA from Scots pine seedling rhizosphere S.arg.5,ITS2 amplification of rhizosphere samples for fungal community,2019-03-14T12:58:00,P12211_1058_S58_L001_R2_001.fastq.gz,/mnt/picea/projects/metaseq/vhurry/SeedPad/raw
Fungal recruitment using SeedPAD,DNA from Scots pine seedling rhizosphere S.arg.6,ITS2 amplification of rhizosphere samples for fungal community,2019-03-14T12:58:00,P12211_1059_S59_L001_R1_001.fastq.gz,/mnt/picea/projects/metaseq/vhurry/SeedPad/raw
Fungal recruitment using SeedPAD,DNA from Scots pine seedling rhizosphere S.arg.6,ITS2 amplification of rhizosphere samples for fungal community,2019-03-14T12:58:00,P12211_1059_S59_L001_R2_001.fastq.gz,/mnt/picea/projects/metaseq/vhurry/SeedPad/raw
Fungal recruitment using SeedPAD,DNA from Scots pine seedling rhizosphere S.arg.7,ITS2 amplification of rhizosphere samples for fungal community,2019-03-14T12:58:00,P12211_1060_S60_L001_R1_001.fastq.gz,/mnt/picea/projects/metaseq/vhurry/SeedPad/raw
Fungal recruitment using SeedPAD,DNA from Scots pine seedling rhizosphere S.arg.7,ITS2 amplification of rhizosphere samples for fungal community,2019-03-14T12:58:00,P12211_1060_S60_L001_R2_001.fastq.gz,/mnt/picea/projects/metaseq/vhurry/SeedPad/raw
Fungal recruitment using SeedPAD,DNA from Scots pine seedling rhizosphere S.arg.8.1,ITS2 amplification of rhizosphere samples for fungal community,2019-03-14T12:58:00,P12211_1061_S61_L001_R1_001.fastq.gz,/mnt/picea/projects/metaseq/vhurry/SeedPad/raw
Fungal recruitment using SeedPAD,DNA from Scots pine seedling rhizosphere S.arg.8.1,ITS2 amplification of rhizosphere samples for fungal community,2019-03-14T12:58:00,P12211_1061_S61_L001_R2_001.fastq.gz,/mnt/picea/projects/metaseq/vhurry/SeedPad/raw
Fungal recruitment using SeedPAD,DNA from Scots pine seedling rhizosphere S.arg.8.2,ITS2 amplification of rhizosphere samples for fungal community,2019-03-14T12:58:00,P12211_1062_S62_L001_R1_001.fastq.gz,/mnt/picea/projects/metaseq/vhurry/SeedPad/raw
Fungal recruitment using SeedPAD,DNA from Scots pine seedling rhizosphere S.arg.8.2,ITS2 amplification of rhizosphere samples for fungal community,2019-03-14T12:58:00,P12211_1062_S62_L001_R2_001.fastq.gz,/mnt/picea/projects/metaseq/vhurry/SeedPad/raw
Fungal recruitment using SeedPAD,DNA from Scots pine seedling rhizosphere S.arg.9.1,ITS2 amplification of rhizosphere samples for fungal community,2019-03-14T12:58:00,P12211_1063_S63_L001_R1_001.fastq.gz,/mnt/picea/projects/metaseq/vhurry/SeedPad/raw
Fungal recruitment using SeedPAD,DNA from Scots pine seedling rhizosphere S.arg.9.1,ITS2 amplification of rhizosphere samples for fungal community,2019-03-14T12:58:00,P12211_1063_S63_L001_R2_001.fastq.gz,/mnt/picea/projects/metaseq/vhurry/SeedPad/raw
Fungal recruitment using SeedPAD,DNA from Scots pine seedling rhizosphere S.arg.9.2,ITS2 amplification of rhizosphere samples for fungal community,2019-03-14T12:58:00,P12211_1064_S64_L001_R1_001.fastq.gz,/mnt/picea/projects/metaseq/vhurry/SeedPad/raw
Fungal recruitment using SeedPAD,DNA from Scots pine seedling rhizosphere S.arg.9.2,ITS2 amplification of rhizosphere samples for fungal community,2019-03-14T12:58:00,P12211_1064_S64_L001_R2_001.fastq.gz,/mnt/picea/projects/metaseq/vhurry/SeedPad/raw
Fungal recruitment using SeedPAD,DNA from Scots pine seedling rhizosphere S.arg.10,ITS2 amplification of rhizosphere samples for fungal community,2019-03-14T12:58:00,P12211_1065_S65_L001_R1_001.fastq.gz,/mnt/picea/projects/metaseq/vhurry/SeedPad/raw
Fungal recruitment using SeedPAD,DNA from Scots pine seedling rhizosphere S.arg.10,ITS2 amplification of rhizosphere samples for fungal community,2019-03-14T12:58:00,P12211_1065_S65_L001_R2_001.fastq.gz,/mnt/picea/projects/metaseq/vhurry/SeedPad/raw
Fungal recruitment using SeedPAD,DNA from Scots pine seedling rhizosphere S.arg.11,ITS2 amplification of rhizosphere samples for fungal community,2019-03-14T12:58:00,P12211_1066_S66_L001_R1_001.fastq.gz,/mnt/picea/projects/metaseq/vhurry/SeedPad/raw
Fungal recruitment using SeedPAD,DNA from Scots pine seedling rhizosphere S.arg.11,ITS2 amplification of rhizosphere samples for fungal community,2019-03-14T12:58:00,P12211_1066_S66_L001_R2_001.fastq.gz,/mnt/picea/projects/metaseq/vhurry/SeedPad/raw
Fungal recruitment using SeedPAD,DNA from Scots pine seedling rhizosphere S.arg.12.1,ITS2 amplification of rhizosphere samples for fungal community,2019-03-14T12:58:00,P12211_1067_S67_L001_R1_001.fastq.gz,/mnt/picea/projects/metaseq/vhurry/SeedPad/raw
Fungal recruitment using SeedPAD,DNA from Scots pine seedling rhizosphere S.arg.12.1,ITS2 amplification of rhizosphere samples for fungal community,2019-03-14T12:58:00,P12211_1067_S67_L001_R2_001.fastq.gz,/mnt/picea/projects/metaseq/vhurry/SeedPad/raw
Fungal recruitment using SeedPAD,DNA from Scots pine seedling rhizosphere S.arg.12.2,ITS2 amplification of rhizosphere samples for fungal community,2019-03-14T12:58:00,P12211_1068_S68_L001_R1_001.fastq.gz,/mnt/picea/projects/metaseq/vhurry/SeedPad/raw
Fungal recruitment using SeedPAD,DNA from Scots pine seedling rhizosphere S.arg.12.2,ITS2 amplification of rhizosphere samples for fungal community,2019-03-14T12:58:00,P12211_1068_S68_L001_R2_001.fastq.gz,/mnt/picea/projects/metaseq/vhurry/SeedPad/raw
Fungal recruitment using SeedPAD,DNA from Scots pine seedling rhizosphere S.arg.13,ITS2 amplification of rhizosphere samples for fungal community,2019-03-14T12:58:00,P12211_1069_S69_L001_R1_001.fastq.gz,/mnt/picea/projects/metaseq/vhurry/SeedPad/raw
Fungal recruitment using SeedPAD,DNA from Scots pine seedling rhizosphere S.arg.13,ITS2 amplification of rhizosphere samples for fungal community,2019-03-14T12:58:00,P12211_1069_S69_L001_R2_001.fastq.gz,/mnt/picea/projects/metaseq/vhurry/SeedPad/raw
Fungal recruitment using SeedPAD,DNA from Scots pine seedling rhizosphere S.arg.14,ITS2 amplification of rhizosphere samples for fungal community,2019-03-14T12:58:00,P12211_1070_S70_L001_R1_001.fastq.gz,/mnt/picea/projects/metaseq/vhurry/SeedPad/raw
Fungal recruitment using SeedPAD,DNA from Scots pine seedling rhizosphere S.arg.14,ITS2 amplification of rhizosphere samples for fungal community,2019-03-14T12:58:00,P12211_1070_S70_L001_R2_001.fastq.gz,/mnt/picea/projects/metaseq/vhurry/SeedPad/raw
Fungal recruitment using SeedPAD,DNA from Scots pine seedling rhizosphere S.arg.15,ITS2 amplification of rhizosphere samples for fungal community,2019-03-14T12:58:00,P12211_1071_S71_L001_R1_001.fastq.gz,/mnt/picea/projects/metaseq/vhurry/SeedPad/raw
Fungal recruitment using SeedPAD,DNA from Scots pine seedling rhizosphere S.arg.15,ITS2 amplification of rhizosphere samples for fungal community,2019-03-14T12:58:00,P12211_1071_S71_L001_R2_001.fastq.gz,/mnt/picea/projects/metaseq/vhurry/SeedPad/raw
Fungal recruitment using SeedPAD,DNA from Scots pine seedling rhizosphere S.arg.16,ITS2 amplification of rhizosphere samples for fungal community,2019-03-14T12:58:00,P12211_1072_S72_L001_R1_001.fastq.gz,/mnt/picea/projects/metaseq/vhurry/SeedPad/raw
Fungal recruitment using SeedPAD,DNA from Scots pine seedling rhizosphere S.arg.16,ITS2 amplification of rhizosphere samples for fungal community,2019-03-14T12:58:00,P12211_1072_S72_L001_R2_001.fastq.gz,/mnt/picea/projects/metaseq/vhurry/SeedPad/raw
Fungal recruitment using SeedPAD,DNA from Scots pine seedling rhizosphere S.arg.17,ITS2 amplification of rhizosphere samples for fungal community,2019-03-14T12:58:00,P12211_1073_S73_L001_R1_001.fastq.gz,/mnt/picea/projects/metaseq/vhurry/SeedPad/raw
Fungal recruitment using SeedPAD,DNA from Scots pine seedling rhizosphere S.arg.17,ITS2 amplification of rhizosphere samples for fungal community,2019-03-14T12:58:00,P12211_1073_S73_L001_R2_001.fastq.gz,/mnt/picea/projects/metaseq/vhurry/SeedPad/raw
Fungal recruitment using SeedPAD,DNA from Scots pine seedling rhizosphere S.arg.18,ITS2 amplification of rhizosphere samples for fungal community,2019-03-14T12:58:00,P12211_1074_S74_L001_R1_001.fastq.gz,/mnt/picea/projects/metaseq/vhurry/SeedPad/raw
Fungal recruitment using SeedPAD,DNA from Scots pine seedling rhizosphere S.arg.18,ITS2 amplification of rhizosphere samples for fungal community,2019-03-14T12:58:00,P12211_1074_S74_L001_R2_001.fastq.gz,/mnt/picea/projects/metaseq/vhurry/SeedPad/raw
Fungal recruitment using SeedPAD,DNA from Scots pine seedling rhizosphere S.arg.19,ITS2 amplification of rhizosphere samples for fungal community,2019-03-14T12:58:00,P12211_1075_S75_L001_R1_001.fastq.gz,/mnt/picea/projects/metaseq/vhurry/SeedPad/raw
Fungal recruitment using SeedPAD,DNA from Scots pine seedling rhizosphere S.arg.19,ITS2 amplification of rhizosphere samples for fungal community,2019-03-14T12:58:00,P12211_1075_S75_L001_R2_001.fastq.gz,/mnt/picea/projects/metaseq/vhurry/SeedPad/raw
Fungal recruitment using SeedPAD,DNA from Scots pine seedling rhizosphere S.arg.20.1,ITS2 amplification of rhizosphere samples for fungal community,2019-03-14T12:58:00,P12211_1076_S76_L001_R1_001.fastq.gz,/mnt/picea/projects/metaseq/vhurry/SeedPad/raw
Fungal recruitment using SeedPAD,DNA from Scots pine seedling rhizosphere S.arg.20.1,ITS2 amplification of rhizosphere samples for fungal community,2019-03-14T12:58:00,P12211_1076_S76_L001_R2_001.fastq.gz,/mnt/picea/projects/metaseq/vhurry/SeedPad/raw
Fungal recruitment using SeedPAD,DNA from Scots pine seedling rhizosphere S.arg.20.2,ITS2 amplification of rhizosphere samples for fungal community,2019-03-14T12:58:00,P12211_1077_S77_L001_R1_001.fastq.gz,/mnt/picea/projects/metaseq/vhurry/SeedPad/raw
Fungal recruitment using SeedPAD,DNA from Scots pine seedling rhizosphere S.arg.20.2,ITS2 amplification of rhizosphere samples for fungal community,2019-03-14T12:58:00,P12211_1077_S77_L001_R2_001.fastq.gz,/mnt/picea/projects/metaseq/vhurry/SeedPad/raw
Fungal recruitment using SeedPAD,DNA from Scots pine seedling rhizosphere S.arg.22.1,ITS2 amplification of rhizosphere samples for fungal community,2019-03-14T12:58:00,P12211_1078_S78_L001_R1_001.fastq.gz,/mnt/picea/projects/metaseq/vhurry/SeedPad/raw
Fungal recruitment using SeedPAD,DNA from Scots pine seedling rhizosphere S.arg.22.1,ITS2 amplification of rhizosphere samples for fungal community,2019-03-14T12:58:00,P12211_1078_S78_L001_R2_001.fastq.gz,/mnt/picea/projects/metaseq/vhurry/SeedPad/raw
Fungal recruitment using SeedPAD,DNA from Scots pine seedling rhizosphere S.arg.22.2,ITS2 amplification of rhizosphere samples for fungal community,2019-03-14T12:58:00,P12211_1079_S79_L001_R1_001.fastq.gz,/mnt/picea/projects/metaseq/vhurry/SeedPad/raw
Fungal recruitment using SeedPAD,DNA from Scots pine seedling rhizosphere S.arg.22.2,ITS2 amplification of rhizosphere samples for fungal community,2019-03-14T12:58:00,P12211_1079_S79_L001_R2_001.fastq.gz,/mnt/picea/projects/metaseq/vhurry/SeedPad/raw
Fungal recruitment using SeedPAD,DNA from Scots pine seedling rhizosphere S.ctrl.1,ITS2 amplification of rhizosphere samples for fungal community,2019-03-14T12:58:00,P12211_1080_S80_L001_R1_001.fastq.gz,/mnt/picea/projects/metaseq/vhurry/SeedPad/raw
Fungal recruitment using SeedPAD,DNA from Scots pine seedling rhizosphere S.ctrl.1,ITS2 amplification of rhizosphere samples for fungal community,2019-03-14T12:58:00,P12211_1080_S80_L001_R2_001.fastq.gz,/mnt/picea/projects/metaseq/vhurry/SeedPad/raw
Fungal recruitment using SeedPAD,DNA from Scots pine seedling rhizosphere S.ctrl.2,ITS2 amplification of rhizosphere samples for fungal community,2019-03-14T12:58:00,P12211_1081_S81_L001_R1_001.fastq.gz,/mnt/picea/projects/metaseq/vhurry/SeedPad/raw
Fungal recruitment using SeedPAD,DNA from Scots pine seedling rhizosphere S.ctrl.2,ITS2 amplification of rhizosphere samples for fungal community,2019-03-14T12:58:00,P12211_1081_S81_L001_R2_001.fastq.gz,/mnt/picea/projects/metaseq/vhurry/SeedPad/raw
Fungal recruitment using SeedPAD,DNA from Scots pine seedling rhizosphere S.ctrl.3.1,ITS2 amplification of rhizosphere samples for fungal community,2019-03-14T12:58:00,P12211_1082_S82_L001_R1_001.fastq.gz,/mnt/picea/projects/metaseq/vhurry/SeedPad/raw
Fungal recruitment using SeedPAD,DNA from Scots pine seedling rhizosphere S.ctrl.3.1,ITS2 amplification of rhizosphere samples for fungal community,2019-03-14T12:58:00,P12211_1082_S82_L001_R2_001.fastq.gz,/mnt/picea/projects/metaseq/vhurry/SeedPad/raw
Fungal recruitment using SeedPAD,DNA from Scots pine seedling rhizosphere S.ctrl.3.2,ITS2 amplification of rhizosphere samples for fungal community,2019-03-14T12:58:00,P12211_1083_S83_L001_R1_001.fastq.gz,/mnt/picea/projects/metaseq/vhurry/SeedPad/raw
Fungal recruitment using SeedPAD,DNA from Scots pine seedling rhizosphere S.ctrl.3.2,ITS2 amplification of rhizosphere samples for fungal community,2019-03-14T12:58:00,P12211_1083_S83_L001_R2_001.fastq.gz,/mnt/picea/projects/metaseq/vhurry/SeedPad/raw
Fungal recruitment using SeedPAD,DNA from Scots pine seedling rhizosphere S.ctrl.4,ITS2 amplification of rhizosphere samples for fungal community,2019-03-14T12:58:00,P12211_1084_S84_L001_R1_001.fastq.gz,/mnt/picea/projects/metaseq/vhurry/SeedPad/raw
Fungal recruitment using SeedPAD,DNA from Scots pine seedling rhizosphere S.ctrl.4,ITS2 amplification of rhizosphere samples for fungal community,2019-03-14T12:58:00,P12211_1084_S84_L001_R2_001.fastq.gz,/mnt/picea/projects/metaseq/vhurry/SeedPad/raw
Fungal recruitment using SeedPAD,DNA from Scots pine seedling rhizosphere S.ctrl.5,ITS2 amplification of rhizosphere samples for fungal community,2019-03-14T12:58:00,P12211_1085_S85_L001_R1_001.fastq.gz,/mnt/picea/projects/metaseq/vhurry/SeedPad/raw
Fungal recruitment using SeedPAD,DNA from Scots pine seedling rhizosphere S.ctrl.5,ITS2 amplification of rhizosphere samples for fungal community,2019-03-14T12:58:00,P12211_1085_S85_L001_R2_001.fastq.gz,/mnt/picea/projects/metaseq/vhurry/SeedPad/raw
Fungal recruitment using SeedPAD,DNA from Scots pine seedling rhizosphere S.ctrl.6,ITS2 amplification of rhizosphere samples for fungal community,2019-03-14T12:58:00,P12211_1086_S86_L001_R1_001.fastq.gz,/mnt/picea/projects/metaseq/vhurry/SeedPad/raw
Fungal recruitment using SeedPAD,DNA from Scots pine seedling rhizosphere S.ctrl.6,ITS2 amplification of rhizosphere samples for fungal community,2019-03-14T12:58:00,P12211_1086_S86_L001_R2_001.fastq.gz,/mnt/picea/projects/metaseq/vhurry/SeedPad/raw
Fungal recruitment using SeedPAD,DNA from Scots pine seedling rhizosphere S.ctrl.7,ITS2 amplification of rhizosphere samples for fungal community,2019-03-14T12:58:00,P12211_1087_S87_L001_R1_001.fastq.gz,/mnt/picea/projects/metaseq/vhurry/SeedPad/raw
Fungal recruitment using SeedPAD,DNA from Scots pine seedling rhizosphere S.ctrl.7,ITS2 amplification of rhizosphere samples for fungal community,2019-03-14T12:58:00,P12211_1087_S87_L001_R2_001.fastq.gz,/mnt/picea/projects/metaseq/vhurry/SeedPad/raw
Fungal recruitment using SeedPAD,DNA from Scots pine seedling rhizosphere S.ctrl.8,ITS2 amplification of rhizosphere samples for fungal community,2019-03-14T12:58:00,P12211_1088_S88_L001_R1_001.fastq.gz,/mnt/picea/projects/metaseq/vhurry/SeedPad/raw
Fungal recruitment using SeedPAD,DNA from Scots pine seedling rhizosphere S.ctrl.8,ITS2 amplification of rhizosphere samples for fungal community,2019-03-14T12:58:00,P12211_1088_S88_L001_R2_001.fastq.gz,/mnt/picea/projects/metaseq/vhurry/SeedPad/raw
Fungal recruitment using SeedPAD,DNA from Scots pine seedling rhizosphere S.ctrl.9.1,ITS2 amplification of rhizosphere samples for fungal community,2019-03-14T12:58:00,P12211_1089_S89_L001_R1_001.fastq.gz,/mnt/picea/projects/metaseq/vhurry/SeedPad/raw
Fungal recruitment using SeedPAD,DNA from Scots pine seedling rhizosphere S.ctrl.9.1,ITS2 amplification of rhizosphere samples for fungal community,2019-03-14T12:58:00,P12211_1089_S89_L001_R2_001.fastq.gz,/mnt/picea/projects/metaseq/vhurry/SeedPad/raw
Fungal recruitment using SeedPAD,DNA from Scots pine seedling rhizosphere S.ctrl.9.2,ITS2 amplification of rhizosphere samples for fungal community,2019-03-14T12:58:00,P12211_1090_S90_L001_R1_001.fastq.gz,/mnt/picea/projects/metaseq/vhurry/SeedPad/raw
Fungal recruitment using SeedPAD,DNA from Scots pine seedling rhizosphere S.ctrl.9.2,ITS2 amplification of rhizosphere samples for fungal community,2019-03-14T12:58:00,P12211_1090_S90_L001_R2_001.fastq.gz,/mnt/picea/projects/metaseq/vhurry/SeedPad/raw
Fungal recruitment using SeedPAD,DNA from Scots pine seedling rhizosphere S.ctrl.10.1,ITS2 amplification of rhizosphere samples for fungal community,2019-03-14T12:58:00,P12211_1091_S91_L001_R1_001.fastq.gz,/mnt/picea/projects/metaseq/vhurry/SeedPad/raw
Fungal recruitment using SeedPAD,DNA from Scots pine seedling rhizosphere S.ctrl.10.1,ITS2 amplification of rhizosphere samples for fungal community,2019-03-14T12:58:00,P12211_1091_S91_L001_R2_001.fastq.gz,/mnt/picea/projects/metaseq/vhurry/SeedPad/raw
Fungal recruitment using SeedPAD,DNA from Scots pine seedling rhizosphere S.ctrl.10.2,ITS2 amplification of rhizosphere samples for fungal community,2019-03-14T12:58:00,P12211_1092_S92_L001_R1_001.fastq.gz,/mnt/picea/projects/metaseq/vhurry/SeedPad/raw
Fungal recruitment using SeedPAD,DNA from Scots pine seedling rhizosphere S.ctrl.10.2,ITS2 amplification of rhizosphere samples for fungal community,2019-03-14T12:58:00,P12211_1092_S92_L001_R2_001.fastq.gz,/mnt/picea/projects/metaseq/vhurry/SeedPad/raw
Fungal recruitment using SeedPAD,DNA from Scots pine seedling rhizosphere S.ctrl.11,ITS2 amplification of rhizosphere samples for fungal community,2019-03-14T12:58:00,P12211_1093_S93_L001_R1_001.fastq.gz,/mnt/picea/projects/metaseq/vhurry/SeedPad/raw
Fungal recruitment using SeedPAD,DNA from Scots pine seedling rhizosphere S.ctrl.11,ITS2 amplification of rhizosphere samples for fungal community,2019-03-14T12:58:00,P12211_1093_S93_L001_R2_001.fastq.gz,/mnt/picea/projects/metaseq/vhurry/SeedPad/raw
Fungal recruitment using SeedPAD,DNA from Scots pine seedling rhizosphere S.ctrl.12,ITS2 amplification of rhizosphere samples for fungal community,2019-03-14T12:58:00,P12211_1094_S94_L001_R1_001.fastq.gz,/mnt/picea/projects/metaseq/vhurry/SeedPad/raw
Fungal recruitment using SeedPAD,DNA from Scots pine seedling rhizosphere S.ctrl.12,ITS2 amplification of rhizosphere samples for fungal community,2019-03-14T12:58:00,P12211_1094_S94_L001_R2_001.fastq.gz,/mnt/picea/projects/metaseq/vhurry/SeedPad/raw
Fungal recruitment using SeedPAD,DNA from Scots pine seedling rhizosphere S.ctrl.13.1,ITS2 amplification of rhizosphere samples for fungal community,2019-03-14T12:58:00,P12211_1095_S95_L001_R1_001.fastq.gz,/mnt/picea/projects/metaseq/vhurry/SeedPad/raw
Fungal recruitment using SeedPAD,DNA from Scots pine seedling rhizosphere S.ctrl.13.1,ITS2 amplification of rhizosphere samples for fungal community,2019-03-14T12:58:00,P12211_1095_S95_L001_R2_001.fastq.gz,/mnt/picea/projects/metaseq/vhurry/SeedPad/raw
Fungal recruitment using SeedPAD,DNA from Scots pine seedling rhizosphere S.ctrl.13.2,ITS2 amplification of rhizosphere samples for fungal community,2019-03-14T12:58:00,P12211_1096_S96_L001_R1_001.fastq.gz,/mnt/picea/projects/metaseq/vhurry/SeedPad/raw
Fungal recruitment using SeedPAD,DNA from Scots pine seedling rhizosphere S.ctrl.13.2,ITS2 amplification of rhizosphere samples for fungal community,2019-03-14T12:58:00,P12211_1096_S96_L001_R2_001.fastq.gz,/mnt/picea/projects/metaseq/vhurry/SeedPad/raw
Fungal recruitment using SeedPAD,DNA from Scots pine seedling rhizosphere S.osm.1,ITS2 amplification of rhizosphere samples for fungal community,2019-03-14T12:58:00,P12211_1097_S97_L001_R1_001.fastq.gz,/mnt/picea/projects/metaseq/vhurry/SeedPad/raw
Fungal recruitment using SeedPAD,DNA from Scots pine seedling rhizosphere S.osm.1,ITS2 amplification of rhizosphere samples for fungal community,2019-03-14T12:58:00,P12211_1097_S97_L001_R2_001.fastq.gz,/mnt/picea/projects/metaseq/vhurry/SeedPad/raw
Fungal recruitment using SeedPAD,DNA from Scots pine seedling rhizosphere S.osm.2,ITS2 amplification of rhizosphere samples for fungal community,2019-03-14T12:58:00,P12211_1098_S98_L001_R1_001.fastq.gz,/mnt/picea/projects/metaseq/vhurry/SeedPad/raw
Fungal recruitment using SeedPAD,DNA from Scots pine seedling rhizosphere S.osm.2,ITS2 amplification of rhizosphere samples for fungal community,2019-03-14T12:58:00,P12211_1098_S98_L001_R2_001.fastq.gz,/mnt/picea/projects/metaseq/vhurry/SeedPad/raw
Fungal recruitment using SeedPAD,DNA from Scots pine seedling rhizosphere S.osm.3,ITS2 amplification of rhizosphere samples for fungal community,2019-03-14T12:58:00,P12211_1099_S99_L001_R1_001.fastq.gz,/mnt/picea/projects/metaseq/vhurry/SeedPad/raw
Fungal recruitment using SeedPAD,DNA from Scots pine seedling rhizosphere S.osm.3,ITS2 amplification of rhizosphere samples for fungal community,2019-03-14T12:58:00,P12211_1099_S99_L001_R2_001.fastq.gz,/mnt/picea/projects/metaseq/vhurry/SeedPad/raw
Fungal recruitment using SeedPAD,DNA from Scots pine seedling rhizosphere S.osm.4,ITS2 amplification of rhizosphere samples for fungal community,2019-03-14T12:58:00,P12211_1100_S100_L001_R1_001.fastq.gz,/mnt/picea/projects/metaseq/vhurry/SeedPad/raw
Fungal recruitment using SeedPAD,DNA from Scots pine seedling rhizosphere S.osm.4,ITS2 amplification of rhizosphere samples for fungal community,2019-03-14T12:58:00,P12211_1100_S100_L001_R2_001.fastq.gz,/mnt/picea/projects/metaseq/vhurry/SeedPad/raw
Fungal recruitment using SeedPAD,DNA from Scots pine seedling rhizosphere S.osm.5,ITS2 amplification of rhizosphere samples for fungal community,2019-03-14T12:58:00,P12211_1101_S101_L001_R1_001.fastq.gz,/mnt/picea/projects/metaseq/vhurry/SeedPad/raw
Fungal recruitment using SeedPAD,DNA from Scots pine seedling rhizosphere S.osm.5,ITS2 amplification of rhizosphere samples for fungal community,2019-03-14T12:58:00,P12211_1101_S101_L001_R2_001.fastq.gz,/mnt/picea/projects/metaseq/vhurry/SeedPad/raw
Fungal recruitment using SeedPAD,DNA from Scots pine seedling rhizosphere S.osm.6,ITS2 amplification of rhizosphere samples for fungal community,2019-03-14T12:58:00,P12211_1102_S102_L001_R1_001.fastq.gz,/mnt/picea/projects/metaseq/vhurry/SeedPad/raw
Fungal recruitment using SeedPAD,DNA from Scots pine seedling rhizosphere S.osm.6,ITS2 amplification of rhizosphere samples for fungal community,2019-03-14T12:58:00,P12211_1102_S102_L001_R2_001.fastq.gz,/mnt/picea/projects/metaseq/vhurry/SeedPad/raw
Fungal recruitment using SeedPAD,DNA from Scots pine seedling rhizosphere S.osm.7,ITS2 amplification of rhizosphere samples for fungal community,2019-03-14T12:58:00,P12211_1103_S103_L001_R1_001.fastq.gz,/mnt/picea/projects/metaseq/vhurry/SeedPad/raw
Fungal recruitment using SeedPAD,DNA from Scots pine seedling rhizosphere S.osm.7,ITS2 amplification of rhizosphere samples for fungal community,2019-03-14T12:58:00,P12211_1103_S103_L001_R2_001.fastq.gz,/mnt/picea/projects/metaseq/vhurry/SeedPad/raw
Fungal recruitment using SeedPAD,DNA from Scots pine seedling rhizosphere S.osm.8,ITS2 amplification of rhizosphere samples for fungal community,2019-03-14T12:58:00,P12211_1104_S104_L001_R1_001.fastq.gz,/mnt/picea/projects/metaseq/vhurry/SeedPad/raw
Fungal recruitment using SeedPAD,DNA from Scots pine seedling rhizosphere S.osm.8,ITS2 amplification of rhizosphere samples for fungal community,2019-03-14T12:58:00,P12211_1104_S104_L001_R2_001.fastq.gz,/mnt/picea/projects/metaseq/vhurry/SeedPad/raw
Fungal recruitment using SeedPAD,DNA from Scots pine seedling rhizosphere S.osm.9,ITS2 amplification of rhizosphere samples for fungal community,2019-03-14T12:58:00,P12211_1105_S105_L001_R1_001.fastq.gz,/mnt/picea/projects/metaseq/vhurry/SeedPad/raw
Fungal recruitment using SeedPAD,DNA from Scots pine seedling rhizosphere S.osm.9,ITS2 amplification of rhizosphere samples for fungal community,2019-03-14T12:58:00,P12211_1105_S105_L001_R2_001.fastq.gz,/mnt/picea/projects/metaseq/vhurry/SeedPad/raw
Fungal recruitment using SeedPAD,DNA from Scots pine seedling rhizosphere S.osm.10,ITS2 amplification of rhizosphere samples for fungal community,2019-03-14T12:58:00,P12211_1106_S106_L001_R1_001.fastq.gz,/mnt/picea/projects/metaseq/vhurry/SeedPad/raw
Fungal recruitment using SeedPAD,DNA from Scots pine seedling rhizosphere S.osm.10,ITS2 amplification of rhizosphere samples for fungal community,2019-03-14T12:58:00,P12211_1106_S106_L001_R2_001.fastq.gz,/mnt/picea/projects/metaseq/vhurry/SeedPad/raw
Fungal recruitment using SeedPAD,DNA from Scots pine seedling rhizosphere S.osm.11,ITS2 amplification of rhizosphere samples for fungal community,2019-03-14T12:58:00,P12211_1107_S107_L001_R1_001.fastq.gz,/mnt/picea/projects/metaseq/vhurry/SeedPad/raw
Fungal recruitment using SeedPAD,DNA from Scots pine seedling rhizosphere S.osm.11,ITS2 amplification of rhizosphere samples for fungal community,2019-03-14T12:58:00,P12211_1107_S107_L001_R2_001.fastq.gz,/mnt/picea/projects/metaseq/vhurry/SeedPad/raw
Fungal recruitment using SeedPAD,DNA from Scots pine seedling rhizosphere S.osm.12,ITS2 amplification of rhizosphere samples for fungal community,2019-03-14T12:58:00,P12211_1108_S108_L001_R1_001.fastq.gz,/mnt/picea/projects/metaseq/vhurry/SeedPad/raw
Fungal recruitment using SeedPAD,DNA from Scots pine seedling rhizosphere S.osm.12,ITS2 amplification of rhizosphere samples for fungal community,2019-03-14T12:58:00,P12211_1108_S108_L001_R2_001.fastq.gz,/mnt/picea/projects/metaseq/vhurry/SeedPad/raw
Fungal recruitment using SeedPAD,DNA from Scots pine seedling rhizosphere S.osm.13,ITS2 amplification of rhizosphere samples for fungal community,2019-03-14T12:58:00,P12211_1109_S109_L001_R1_001.fastq.gz,/mnt/picea/projects/metaseq/vhurry/SeedPad/raw
Fungal recruitment using SeedPAD,DNA from Scots pine seedling rhizosphere S.osm.13,ITS2 amplification of rhizosphere samples for fungal community,2019-03-14T12:58:00,P12211_1109_S109_L001_R2_001.fastq.gz,/mnt/picea/projects/metaseq/vhurry/SeedPad/raw
Fungal recruitment using SeedPAD,DNA from Scots pine seedling rhizosphere S.osm.14,ITS2 amplification of rhizosphere samples for fungal community,2019-03-14T12:58:00,P12211_1110_S110_L001_R1_001.fastq.gz,/mnt/picea/projects/metaseq/vhurry/SeedPad/raw
Fungal recruitment using SeedPAD,DNA from Scots pine seedling rhizosphere S.osm.14,ITS2 amplification of rhizosphere samples for fungal community,2019-03-14T12:58:00,P12211_1110_S110_L001_R2_001.fastq.gz,/mnt/picea/projects/metaseq/vhurry/SeedPad/raw
Fungal recruitment using SeedPAD,DNA from Scots pine seedling rhizosphere S.osm.15,ITS2 amplification of rhizosphere samples for fungal community,2019-03-14T12:58:00,P12211_1111_S111_L001_R1_001.fastq.gz,/mnt/picea/projects/metaseq/vhurry/SeedPad/raw
Fungal recruitment using SeedPAD,DNA from Scots pine seedling rhizosphere S.osm.15,ITS2 amplification of rhizosphere samples for fungal community,2019-03-14T12:58:00,P12211_1111_S111_L001_R2_001.fastq.gz,/mnt/picea/projects/metaseq/vhurry/SeedPad/raw
Fungal recruitment using SeedPAD,DNA from Scots pine seedling rhizosphere S.osm.16,ITS2 amplification of rhizosphere samples for fungal community,2019-03-14T12:58:00,P12211_1112_S112_L001_R1_001.fastq.gz,/mnt/picea/projects/metaseq/vhurry/SeedPad/raw
Fungal recruitment using SeedPAD,DNA from Scots pine seedling rhizosphere S.osm.16,ITS2 amplification of rhizosphere samples for fungal community,2019-03-14T12:58:00,P12211_1112_S112_L001_R2_001.fastq.gz,/mnt/picea/projects/metaseq/vhurry/SeedPad/raw
Fungal recruitment using SeedPAD,DNA from Scots pine seedling rhizosphere S.osm.17,ITS2 amplification of rhizosphere samples for fungal community,2019-03-14T12:58:00,P12211_1113_S113_L001_R1_001.fastq.gz,/mnt/picea/projects/metaseq/vhurry/SeedPad/raw
Fungal recruitment using SeedPAD,DNA from Scots pine seedling rhizosphere S.osm.17,ITS2 amplification of rhizosphere samples for fungal community,2019-03-14T12:58:00,P12211_1113_S113_L001_R2_001.fastq.gz,/mnt/picea/projects/metaseq/vhurry/SeedPad/raw
Fungal recruitment using SeedPAD,DNA from Scots pine seedling rhizosphere S.osm.18,ITS2 amplification of rhizosphere samples for fungal community,2019-03-14T12:58:00,P12211_1114_S114_L001_R1_001.fastq.gz,/mnt/picea/projects/metaseq/vhurry/SeedPad/raw
Fungal recruitment using SeedPAD,DNA from Scots pine seedling rhizosphere S.osm.18,ITS2 amplification of rhizosphere samples for fungal community,2019-03-14T12:58:00,P12211_1114_S114_L001_R2_001.fastq.gz,/mnt/picea/projects/metaseq/vhurry/SeedPad/raw
Fungal recruitment using SeedPAD,DNA from Scots pine seedling soil S.E.arg.1,ITS2 amplification of soil samples for fungal community,2019-03-14T12:58:00,P12211_1115_S115_L001_R1_001.fastq.gz,/mnt/picea/projects/metaseq/vhurry/SeedPad/raw
Fungal recruitment using SeedPAD,DNA from Scots pine seedling soil S.E.arg.1,ITS2 amplification of soil samples for fungal community,2019-03-14T12:58:00,P12211_1115_S115_L001_R2_001.fastq.gz,/mnt/picea/projects/metaseq/vhurry/SeedPad/raw
Fungal recruitment using SeedPAD,DNA from Scots pine seedling soil S.E.arg.2,ITS2 amplification of soil samples for fungal community,2019-03-14T12:58:00,P12211_1116_S116_L001_R1_001.fastq.gz,/mnt/picea/projects/metaseq/vhurry/SeedPad/raw
Fungal recruitment using SeedPAD,DNA from Scots pine seedling soil S.E.arg.2,ITS2 amplification of soil samples for fungal community,2019-03-14T12:58:00,P12211_1116_S116_L001_R2_001.fastq.gz,/mnt/picea/projects/metaseq/vhurry/SeedPad/raw
Fungal recruitment using SeedPAD,DNA from Scots pine seedling soil S.E.arg.3,ITS2 amplification of soil samples for fungal community,2019-03-14T12:58:00,P12211_1117_S117_L001_R1_001.fastq.gz,/mnt/picea/projects/metaseq/vhurry/SeedPad/raw
Fungal recruitment using SeedPAD,DNA from Scots pine seedling soil S.E.arg.3,ITS2 amplification of soil samples for fungal community,2019-03-14T12:58:00,P12211_1117_S117_L001_R2_001.fastq.gz,/mnt/picea/projects/metaseq/vhurry/SeedPad/raw
Fungal recruitment using SeedPAD,DNA from Scots pine seedling soil S.E.ctrl.1,ITS2 amplification of soil samples for fungal community,2019-03-14T12:58:00,P12211_1122_S122_L001_R1_001.fastq.gz,/mnt/picea/projects/metaseq/vhurry/SeedPad/raw
Fungal recruitment using SeedPAD,DNA from Scots pine seedling soil S.E.ctrl.1,ITS2 amplification of soil samples for fungal community,2019-03-14T12:58:00,P12211_1122_S122_L001_R2_001.fastq.gz,/mnt/picea/projects/metaseq/vhurry/SeedPad/raw
Fungal recruitment using SeedPAD,DNA from Scots pine seedling soil S.E.ctrl.2,ITS2 amplification of soil samples for fungal community,2019-03-14T12:58:00,P12211_1123_S123_L001_R1_001.fastq.gz,/mnt/picea/projects/metaseq/vhurry/SeedPad/raw
Fungal recruitment using SeedPAD,DNA from Scots pine seedling soil S.E.ctrl.2,ITS2 amplification of soil samples for fungal community,2019-03-14T12:58:00,P12211_1123_S123_L001_R2_001.fastq.gz,/mnt/picea/projects/metaseq/vhurry/SeedPad/raw
Fungal recruitment using SeedPAD,DNA from Scots pine seedling soil S.E.ctrl.3,ITS2 amplification of soil samples for fungal community,2019-03-14T12:58:00,P12211_1124_S124_L001_R1_001.fastq.gz,/mnt/picea/projects/metaseq/vhurry/SeedPad/raw
Fungal recruitment using SeedPAD,DNA from Scots pine seedling soil S.E.ctrl.3,ITS2 amplification of soil samples for fungal community,2019-03-14T12:58:00,P12211_1124_S124_L001_R2_001.fastq.gz,/mnt/picea/projects/metaseq/vhurry/SeedPad/raw
Fungal recruitment using SeedPAD,DNA from Scots pine seedling soil S.E.osm.1.1,ITS2 amplification of soil samples for fungal community,2019-03-14T12:58:00,P12211_1129_S129_L001_R1_001.fastq.gz,/mnt/picea/projects/metaseq/vhurry/SeedPad/raw
Fungal recruitment using SeedPAD,DNA from Scots pine seedling soil S.E.osm.1.1,ITS2 amplification of soil samples for fungal community,2019-03-14T12:58:00,P12211_1129_S129_L001_R2_001.fastq.gz,/mnt/picea/projects/metaseq/vhurry/SeedPad/raw
Fungal recruitment using SeedPAD,DNA from Scots pine seedling soil S.E.osm.1.2,ITS2 amplification of soil samples for fungal community,2019-03-14T12:58:00,P12211_1130_S130_L001_R1_001.fastq.gz,/mnt/picea/projects/metaseq/vhurry/SeedPad/raw
Fungal recruitment using SeedPAD,DNA from Scots pine seedling soil S.E.osm.1.2,ITS2 amplification of soil samples for fungal community,2019-03-14T12:58:00,P12211_1130_S130_L001_R2_001.fastq.gz,/mnt/picea/projects/metaseq/vhurry/SeedPad/raw
Fungal recruitment using SeedPAD,DNA from Scots pine seedling soil S.E.osm.2,ITS2 amplification of soil samples for fungal community,2019-03-14T12:58:00,P12211_1131_S131_L001_R1_001.fastq.gz,/mnt/picea/projects/metaseq/vhurry/SeedPad/raw
Fungal recruitment using SeedPAD,DNA from Scots pine seedling soil S.E.osm.2,ITS2 amplification of soil samples for fungal community,2019-03-14T12:58:00,P12211_1131_S131_L001_R2_001.fastq.gz,/mnt/picea/projects/metaseq/vhurry/SeedPad/raw
Fungal recruitment using SeedPAD,DNA from Scots pine seedling soil S.E.osm.3,ITS2 amplification of soil samples for fungal community,2019-03-14T12:58:00,P12211_1132_S132_L001_R1_001.fastq.gz,/mnt/picea/projects/metaseq/vhurry/SeedPad/raw
Fungal recruitment using SeedPAD,DNA from Scots pine seedling soil S.E.osm.3,ITS2 amplification of soil samples for fungal community,2019-03-14T12:58:00,P12211_1132_S132_L001_R2_001.fastq.gz,/mnt/picea/projects/metaseq/vhurry/SeedPad/raw